Page Name,Link
Facebook,https://www.facebook.com/
Home,https://www.facebook.com/
"Watch, 10 notifications",https://www.facebook.com/watch/
Marketplace,https://www.facebook.com/marketplace/?ref=app_tab
"Groups, 3 notifications",https://www.facebook.com/groups/
Gaming,https://www.facebook.com/gaming/?ref=games_tab
More,https://www.facebook.com/bookmarks/
"Notifications, 1 unread",https://www.facebook.com/notifications/
See All in Messenger,https://www.facebook.com/messages/t/
New message,https://www.facebook.com/messages/t/new/
Biofloc Fish Farming BD,https://www.facebook.com/BioflocFishFarmingBangladesh/
Biofloc Fish Farm & Accessories Dhaka,https://www.facebook.com/bffaad/
Biofloc Bangladesh,https://www.facebook.com/BioflocBangladeshofficial/
Aqua Shrimp Farm BD.,https://www.facebook.com/aquashrimpfarmbd/
Bengal Fish,https://www.facebook.com/bengalfish.com.bd/
Farmhouse Bangladesh,https://www.facebook.com/MyFarmhouseBD/
River Fish,https://www.facebook.com/123riverfish/
Fish Valley,https://www.facebook.com/Fish-Valley-106755044470272/
Fish Aquarium BD,https://www.facebook.com/fishaquariumbd/
Fish Shop,https://www.facebook.com/fishshopservice/
Fish and Meat Plus,https://www.facebook.com/fishnmeatplus/
বায়োফ্লক মাছ চাষ তথ্য ও পরামর্শ,https://www.facebook.com/ModhumotiBiofloc/
Fruits Farm-ফ্রুটস ফার্ম,https://www.facebook.com/fruitsfarmbangladesh/
Evergreen Biofloc Consultancy,https://www.facebook.com/BioflocConsultancy/
Biofloc Accessories Bangladesh,https://www.facebook.com/biofloc.accessories.bangladesh/
Bondhur Sriti Biofloc Fish Farm,https://www.facebook.com/BondhurSritiBiofloc/
Maa Biofloc Fish Farm,https://www.facebook.com/Maa-Biofloc-Fish-Farm-109884734237842/
TOS Fish Farm,https://www.facebook.com/tosfishfarm/
Biofloc Farming System,https://www.facebook.com/BioflocFarmingSystem/
AR Fish Hatchery & Biofloc,https://www.facebook.com/ARfishhatchery/
Biofloc accessories,https://www.facebook.com/Biofloc-accessories-111290727370627/
Critical Biofloc Fishfarm Technology,https://www.facebook.com/BioflocBFT/
Fish Farm Accessories BD,https://www.facebook.com/Fish-Farm-Accessories-BD-108271660617143/
Aqueous Biofloc Consultancy Bangladesh,https://www.facebook.com/AqueousBioflocConsultancyBD/
Biofloc and Colour Fish Farm pabna,https://www.facebook.com/Biofloc-and-Colour-Fish-Farm-pabna-101812225420184/
Qk oranamental fish farm,https://www.facebook.com/Qk-oranamental-fish-farm-350721896177378/
Fishzone Biofloc Farm,https://www.facebook.com/Fishzone-Biofloc-Farm-109556770541280/
Farmside Agro,https://www.facebook.com/farmsideagro/
Safe Fish Bangladesh,https://www.facebook.com/safefishbangladesh/
"Biofloc fish farming,Aquaphonic , hydroponic Bangladesh",https://www.facebook.com/Biofloc-fish-farmingAquaphonic-hydroponic-Bangladesh-357179271678317/
Friend's Agro farm And Biofloc,https://www.facebook.com/Friends-Agro-farm-And-Biofloc-101236701818929/
Biofloc fish bangladesh,https://www.facebook.com/Biofloc-fish-bangladesh-102473174990852/
Ornamental Fish Farm,https://www.facebook.com/Ornamental-Fish-Farm-100655442204142/
Biofloc fish farming in Bangladesh,https://www.facebook.com/SM.Agro.Gazipur/
Gold Fish farm in Dhaka,https://www.facebook.com/Gold-Fish-farm-in-Dhaka-106319978074658/
Farm Fresh Organics,https://www.facebook.com/farmfreshorganicsbd/
Aqua fish farm & hatchery,https://www.facebook.com/dr.polashmahmud69/
Bangladesh biofloc fish association,https://www.facebook.com/Bangladesh-biofloc-fish-association-106244094666115/
Fish  Farming,https://www.facebook.com/Rahifashion205/
Fresh হাওড় fish.com,https://www.facebook.com/freshriverfishbd/
Zohir's Fish Farm,https://www.facebook.com/Zohirs-Fish-Farm-112492573801323/
Fish and Fins,https://www.facebook.com/1052021fishandfins/
Best Betta's Bangladesh,https://www.facebook.com/BestBettasBangladesh/
Farm Factory Agro & Foods Ltd.,https://www.facebook.com/FFAFBD/
Bai Bai Fish Farm,https://www.facebook.com/Bai-Bai-Fish-Farm-105355187876368/
Fresh Lovers Farm,https://www.facebook.com/Fresh-Lovers-Farm-100554318876211/
Betta Fish BD,https://www.facebook.com/bettafishbd/
Biofloc Bangladesh,https://www.facebook.com/hajiagrocity/
Online  Fish Shop,https://www.facebook.com/bdfishshop/
Fish & Fresh Ltd.,https://www.facebook.com/fishandfreshlimited/
BD FISH FARM,https://www.facebook.com/bdfishfarm/
Farmhouse Burger,https://www.facebook.com/farmhouseburger/
Fish & Meat,https://www.facebook.com/restaurant.fishandmeat/
Market Bangla Fish & Meat,https://www.facebook.com/mbfishmeat/
Colour Fish Farm,https://www.facebook.com/ColourFishFarm/
Popular Poultry & Fish Feeds Ltd.,https://www.facebook.com/AdarshaFeed/
Guppy Fish Seller,https://www.facebook.com/Guppy-Fish-Seller-112479563505811/
Bangladesh Fish Culture,https://www.facebook.com/BDFishCulture/
Biofloc in Bangladesh,https://www.facebook.com/Biofloc-in-Bangladesh-108627320563861/
Fresh Fish bd,https://www.facebook.com/FreshFishBd/
Fresh Sea Fish BD,https://www.facebook.com/freshseafoodbd/
Ornamental Fish Farm,https://www.facebook.com/Ornamental-Fish-Farm-102719465152058/
Biofloc fish farming-বায়োফ্লক পদ্ধতিতে মাছ চাষ,https://www.facebook.com/Biofloc-fish-farming-%E0%A6%AC%E0%A6%BE%E0%A7%9F%E0%A7%8B%E0%A6%AB%E0%A7%8D%E0%A6%B2%E0%A6%95-%E0%A6%AA%E0%A6%A6%E0%A7%8D%E0%A6%A7%E0%A6%A4%E0%A6%BF%E0%A6%A4%E0%A7%87-%E0%A6%AE%E0%A6%BE%E0%A6%9B-%E0%A6%9A%E0%A6%BE%E0%A6%B7-101374241268581/
Fish Factory,https://www.facebook.com/FishWorldBD/
Savar Goat & Agro Farm,https://www.facebook.com/Savar-Goat-Agro-Farm-111978443893560/
Fish Market BD,https://www.facebook.com/Fishmarketbd.Bangladesh/
Imported Aquarium Fish BD,https://www.facebook.com/importedaquariumfishbd/
All fish bd,https://www.facebook.com/All-fish-bd-106796541612029/
All Fresh Fish-সব টাটকা মাছ,https://www.facebook.com/allfreshfish/
Gappy fish farm,https://www.facebook.com/Gappy-fish-farm-106860644870445/
Fastrack Bangladesh.co,https://www.facebook.com/FASTRACKBANGLADESH.CO/
Dhaka Rabbit Farm। ঢাকা খরগোশ ফার্ম,https://www.facebook.com/Dhaka-Rabbit-Farm-%E0%A6%A2%E0%A6%BE%E0%A6%95%E0%A6%BE-%E0%A6%96%E0%A6%B0%E0%A6%97%E0%A7%8B%E0%A6%B6-%E0%A6%AB%E0%A6%BE%E0%A6%B0%E0%A7%8D%E0%A6%AE-104949318030417/
Biofloc Tank,https://www.facebook.com/BioflocTank/
Biofloc Technology Bangladesh,https://www.facebook.com/biofloctechbd/
Sea Fish Bangladesh,https://www.facebook.com/seafishbangladeshe/
Dairy Farm Management Bangladesh,https://www.facebook.com/dairyfarmmanagement/
Colour Fish Breeder In Bangladesh,https://www.facebook.com/Colour-Fish-Breeder-In-Bangladesh-114676710279445/
RJ Farm - Bird Lovers,https://www.facebook.com/rjfarmbirdlovers/
Rupali Fish Farm,https://www.facebook.com/rupalifishfarm/
Aquarium Fish Jashore,https://www.facebook.com/aquariumfishjashore/
Biofloc fish farm rangpur,https://www.facebook.com/Mdmehedihassanheaven/
Biofloc Fish Farming,https://www.facebook.com/bioflocstore/
Ornamental Fish Farm - Barisal,https://www.facebook.com/AMOFFB/
Fish Farm bd,https://www.facebook.com/Fish-Farm-bd-100887015411936/
Biofloc fish farming,https://www.facebook.com/Biofloc-fish-farming-115862280195566/
Fishmarketbd - Fish Farm,https://www.facebook.com/fishmarketbd/
Colour fish farm Barishal,https://www.facebook.com/Sundorfish/
ROY Fish Farm Limited,https://www.facebook.com/royfishfarmlimited/
Chowdhury Biofloc Fish Farm,https://www.facebook.com/Chowdhury-Biofloc-Fish-Farm-101388475036135/
Averose Fish Farm BD.,https://www.facebook.com/averosefishfarmbd/
Biofloc Fish Farm,https://www.facebook.com/BioflocFishFarmMethods/
Fish Maw Bangladesh Trading,https://www.facebook.com/fishmawbd/
Fish Zone,https://www.facebook.com/FishZoneB/
Bd Fish-Farm,https://www.facebook.com/Bd-Fish-Farm-104940315130875/
Pig Farm in Bangladesh,https://www.facebook.com/Pig-Farm-in-Bangladesh-116793676857840/
Fish gallery - BD,https://www.facebook.com/Fish-gallery-BD-100965562117884/
Ashraful Aqua Bioflock Fish,https://www.facebook.com/Ashraful-Aqua-Bioflock-Fish-100764215209272/
Bangladesh Agro Farmers Association-BAFA,https://www.facebook.com/BangladeshAgroFarmersAssociation/
Fish farming in Bangladesh,https://www.facebook.com/FishfarminginBangladesh/
Farm,https://www.facebook.com/madeshimurgifarm/
