Page Name,Link
Facebook,https://www.facebook.com/
Home,https://www.facebook.com/
"Watch, 10 notifications",https://www.facebook.com/watch/
Marketplace,https://www.facebook.com/marketplace/?ref=app_tab
"Groups, 3 notifications",https://www.facebook.com/groups/
Gaming,https://www.facebook.com/gaming/?ref=games_tab
More,https://www.facebook.com/bookmarks/
"Notifications, 1 unread",https://www.facebook.com/notifications/
See All in Messenger,https://www.facebook.com/messages/t/
New message,https://www.facebook.com/messages/t/new/
Biofloc Fish Farming BD,https://www.facebook.com/BioflocFishFarmingBangladesh/
Biofloc Bangladesh,https://www.facebook.com/BioflocBangladeshofficial/
Biofloc Fish Farm & Accessories Dhaka,https://www.facebook.com/bffaad/
Setara Farm,https://www.facebook.com/setarafarm/
Aqua Shrimp Farm BD.,https://www.facebook.com/aquashrimpfarmbd/
Ifarmer.asia,https://www.facebook.com/ifarmerasia/
Farmhouse Bangladesh,https://www.facebook.com/MyFarmhouseBD/
Fish Valley,https://www.facebook.com/Fish-Valley-106755044470272/
IPS Bazar Bangladesh,https://www.facebook.com/Ipsbazardhaka/
Fish Aquarium BD,https://www.facebook.com/fishaquariumbd/
Fish Shop,https://www.facebook.com/fishshopservice/
Fish and Meat Plus,https://www.facebook.com/fishnmeatplus/
Biofloc Farming System,https://www.facebook.com/BioflocFarmingSystem/
বায়োফ্লক মাছ চাষ তথ্য ও পরামর্শ,https://www.facebook.com/ModhumotiBiofloc/
"Biofloc fish farming,Aquaphonic , hydroponic Bangladesh",https://www.facebook.com/Biofloc-fish-farmingAquaphonic-hydroponic-Bangladesh-357179271678317/
Fruits Farm-ফ্রুটস ফার্ম,https://www.facebook.com/fruitsfarmbangladesh/
Globe Fisheries LTD,https://www.facebook.com/globefisheriesltd/
Fish farming in Bangladesh,https://www.facebook.com/FishfarminginBangladesh/
Evergreen Biofloc Consultancy,https://www.facebook.com/BioflocConsultancy/
Biofloc Accessories Bangladesh,https://www.facebook.com/biofloc.accessories.bangladesh/
Biotech Biofloc Project,https://www.facebook.com/Biotech-Biofloc-Project-105504691046254/
Biofloc FishFactory Ltd.,https://www.facebook.com/Ferdous.A.Koreshi.Raihan/
Biofloc Fish Farming System,https://www.facebook.com/Biofloc-Fish-Farming-System-104498868097840/
Bondhur Sriti Biofloc Fish Farm,https://www.facebook.com/BondhurSritiBiofloc/
TOS Fish Farm,https://www.facebook.com/tosfishfarm/
AR Fish Hatchery & Biofloc,https://www.facebook.com/ARfishhatchery/
Maa Biofloc Fish Farm,https://www.facebook.com/Maa-Biofloc-Fish-Farm-109884734237842/
Agro Tech Bangladesh,https://www.facebook.com/agrotechb/
ভাই ভাই বায়োফ্লক ফিস ফার্ম।,https://www.facebook.com/%E0%A6%AD%E0%A6%BE%E0%A6%87-%E0%A6%AD%E0%A6%BE%E0%A6%87-%E0%A6%AC%E0%A6%BE%E0%A7%9F%E0%A7%8B%E0%A6%AB%E0%A7%8D%E0%A6%B2%E0%A6%95-%E0%A6%AB%E0%A6%BF%E0%A6%B8-%E0%A6%AB%E0%A6%BE%E0%A6%B0%E0%A7%8D%E0%A6%AE-109310880719821/
Biofloc accessories,https://www.facebook.com/Biofloc-accessories-111290727370627/
Critical Biofloc Fishfarm Technology,https://www.facebook.com/BioflocBFT/
Gold Fish farm in Dhaka,https://www.facebook.com/Gold-Fish-farm-in-Dhaka-106319978074658/
Biofloc Project Narsingdi,https://www.facebook.com/Biofloc-Project-Narsingdi-100831745380953/
RK Agro-Farm Limited,https://www.facebook.com/AgrobyRK/
Fish Farm Accessories BD,https://www.facebook.com/Fish-Farm-Accessories-BD-108271660617143/
Fish Farming,https://www.facebook.com/bdfishfarming/
Biofloc fish farming-বায়োফ্লক পদ্ধতিতে মাছ চাষ,https://www.facebook.com/Biofloc-fish-farming-%E0%A6%AC%E0%A6%BE%E0%A7%9F%E0%A7%8B%E0%A6%AB%E0%A7%8D%E0%A6%B2%E0%A6%95-%E0%A6%AA%E0%A6%A6%E0%A7%8D%E0%A6%A7%E0%A6%A4%E0%A6%BF%E0%A6%A4%E0%A7%87-%E0%A6%AE%E0%A6%BE%E0%A6%9B-%E0%A6%9A%E0%A6%BE%E0%A6%B7-101374241268581/
Safe Fish Bangladesh,https://www.facebook.com/safefishbangladesh/
খাঁটি মাছ,https://www.facebook.com/Khatifish123/
RAS Fish Farming,https://www.facebook.com/RAS.Fish.Farming/
Biswas Agro Farm,https://www.facebook.com/Biswas-Agro-Farm-613961465920920/
Aqueous Biofloc Consultancy Bangladesh,https://www.facebook.com/AqueousBioflocConsultancyBD/
FAMS Agro Industries Ltd.,https://www.facebook.com/famsagroltd/
Qk oranamental fish farm,https://www.facebook.com/Qk-oranamental-fish-farm-350721896177378/
Fishzone Biofloc Farm,https://www.facebook.com/Fishzone-Biofloc-Farm-109556770541280/
Biofloc fish bangladesh,https://www.facebook.com/Biofloc-fish-bangladesh-102473174990852/
Fish  Farming,https://www.facebook.com/Rahifashion205/
Fish Farming in Feni,https://www.facebook.com/Fish-Farming-in-Feni-2261650110761245/
Ornamental Fish Farm,https://www.facebook.com/Ornamental-Fish-Farm-100655442204142/
Guppy Fish Seller,https://www.facebook.com/Guppy-Fish-Seller-112479563505811/
Fish Expert Limited,https://www.facebook.com/FishExpertLimited/
Kazi Farms,https://www.facebook.com/KaziFarmsLimited/
Bangladesh biofloc fish association,https://www.facebook.com/Bangladesh-biofloc-fish-association-106244094666115/
Fish and Fins,https://www.facebook.com/1052021fishandfins/
Aqua fish farm & hatchery,https://www.facebook.com/dr.polashmahmud69/
BD FISH FARM,https://www.facebook.com/bdfishfarm/
Online  Fish Shop,https://www.facebook.com/bdfishshop/
Aquarium fish - রঙিন মাছ,https://www.facebook.com/aquriamfish/
Natural Fish & Aquarium,https://www.facebook.com/NaturalFishBD/
RupaliFish,https://www.facebook.com/rupali.com.bd/
Fish & Meat,https://www.facebook.com/restaurant.fishandmeat/
Reegain & Vitacare Sub Dealer in Bangladesh,https://www.facebook.com/Reegain.com.bd/
Bai Bai Fish Farm,https://www.facebook.com/Bai-Bai-Fish-Farm-105355187876368/
Biofloc Bangladesh,https://www.facebook.com/hajiagrocity/
Fish Factory,https://www.facebook.com/FishWorldBD/
Fish & Fresh Ltd.,https://www.facebook.com/fishandfreshlimited/
Fresh Fish bd,https://www.facebook.com/FreshFishBd/
Biofloc in Bangladesh,https://www.facebook.com/Biofloc-in-Bangladesh-108627320563861/
Uttara Online Fish Market,https://www.facebook.com/uttaraonlinefishmarket/
Imported Aquarium Fish BD,https://www.facebook.com/importedaquariumfishbd/
Angus Agro Farm,https://www.facebook.com/angusagrofarm/
Dairy Farm Management Bangladesh,https://www.facebook.com/dairyfarmmanagement/
Sea Fish Bangladesh,https://www.facebook.com/seafishbangladeshe/
Gappy fish farm,https://www.facebook.com/Gappy-fish-farm-106860644870445/
Farmers in Bangladesh,https://www.facebook.com/Farmers-in-Bangladesh-366042520144528/
Bangladesh Agricultural Farm Labour Federation - BAFLF,https://www.facebook.com/BAFLF/
"Bangladesh Football Federation, Verified Account",https://www.facebook.com/bff.football/
Bangladesh Angling Forum,https://www.facebook.com/bangladeshangling/
S2 Colour fish agro farm in Bangladesh,https://www.facebook.com/S2-Colour-fish-agro-farm-in-Bangladesh-101393715124287/
Sharnalata Agro Fisheries Ltd.,https://www.facebook.com/safhatchery/
Rupali Fish Farm,https://www.facebook.com/rupalifishfarm/
Rain Agro,https://www.facebook.com/rainagro.ctg/
Biofloc fish farming process,https://www.facebook.com/bioflocfishprocess/
Home Fishing - Fish Farming,https://www.facebook.com/Homefishfarming/
Fishmarketbd - Fish Farm,https://www.facebook.com/fishmarketbd/
Biofloc Fish Farming,https://www.facebook.com/bioflocstore/
Bangladesh Fish Farming System,https://www.facebook.com/Bangladesh.Fish.Farming.System/
Ornamental Fish Farm - Barisal,https://www.facebook.com/AMOFFB/
Biofloc fish farm rangpur,https://www.facebook.com/Mdmehedihassanheaven/
Nahar Agro Group,https://www.facebook.com/naharagro/
Aquarium Fish Jashore,https://www.facebook.com/aquariumfishjashore/
Biofloc society of Bangladesh,https://www.facebook.com/bioflocsocietybd/
Biofloc Fish Farming,https://www.facebook.com/BioffloccFishFarming/
Ashraful Aqua Bioflock Fish,https://www.facebook.com/Ashraful-Aqua-Bioflock-Fish-100764215209272/
Pig Farm in Bangladesh,https://www.facebook.com/Pig-Farm-in-Bangladesh-116793676857840/
Fish Maw Bangladesh Trading,https://www.facebook.com/fishmawbd/
Fish Farming,https://www.facebook.com/fishfarming1994/
Biofloc Fish Farm,https://www.facebook.com/BioflocFishFarmMethods/
Bangladesh Agro Farmers Association-BAFA,https://www.facebook.com/BangladeshAgroFarmersAssociation/
Mahbub The FisH MaN,https://www.facebook.com/mahbubthefishman/
